month,hour,zone,alpha
1,0,A,0.14028364591775125
1,0,B,0.12433625994247262
1,0,C,0.22999417321020366
1,0,D,0.20933390563703044
1,0,E,0.2265749442107014
1,0,F,0.24845491855081825
1,0,G,0.29333333904782605
1,0,J,0.2385961136611186
1,0,K,0.12214210813467662
1,1,A,0.14189904575557996
1,1,B,0.12188713301593514
1,1,C,0.22317125933107104
1,1,D,0.22614132406675777
1,1,E,0.23585807043553716
1,1,F,0.25434103392782104
1,1,G,0.3001502781328659
1,1,J,0.25606405374907254
1,1,K,0.12293592050128359
1,2,A,0.16347469610758902
1,2,B,0.13819939364483166
1,2,C,0.23092131680248942
1,2,D,0.25518576149492644
1,2,E,0.25461869021795797
1,2,F,0.2809639208940937
1,2,G,0.3192829276830065
1,2,J,0.2827528976894745
1,2,K,0.14006237976921282
1,3,A,0.18713610288984742
1,3,B,0.16743838501942368
1,3,C,0.25165429903269076
1,3,D,0.27289805874051326
1,3,E,0.27075504189335214
1,3,F,0.30005924950121954
1,3,G,0.3360068484015128
1,3,J,0.3042068675660283
1,3,K,0.16289962764962537
1,4,A,0.19672843795966422
1,4,B,0.1809640914847552
1,4,C,0.260837880886123
1,4,D,0.28041385412673564
1,4,E,0.2781936725766076
1,4,F,0.30421222658031744
1,4,G,0.34591876775454977
1,4,J,0.31568389902011484
1,4,K,0.17387736012911925
1,5,A,0.1967685847760955
1,5,B,0.18154398432302046
1,5,C,0.2578641282176523
1,5,D,0.2799956657490421
1,5,E,0.27888550153296376
1,5,F,0.30117980672407
1,5,G,0.34249542400189475
1,5,J,0.3198493979513229
1,5,K,0.17508665963883596
1,6,A,0.1980817169487357
1,6,B,0.18201604886370096
1,6,C,0.2582976668616061
1,6,D,0.27815697023283187
1,6,E,0.2763315723604889
1,6,F,0.29484789244881193
1,6,G,0.3358822335507602
1,6,J,0.3150317802081401
1,6,K,0.17759586552419743
1,7,A,0.1966899101608478
1,7,B,0.18497713504547564
1,7,C,0.26024636388745276
1,7,D,0.2764740976977059
1,7,E,0.2740023884330859
1,7,F,0.29016665826302546
1,7,G,0.33219037881774127
1,7,J,0.31700803856427434
1,7,K,0.18081591175525935
1,8,A,0.19147470476148012
1,8,B,0.18291356386757374
1,8,C,0.26150617079734345
1,8,D,0.27165526146291535
1,8,E,0.2663116674066529
1,8,F,0.286563325003347
1,8,G,0.32646936002367116
1,8,J,0.30982363060448576
1,8,K,0.17462106595855542
1,9,A,0.1880278548907424
1,9,B,0.18150950789931736
1,9,C,0.25620590005800165
1,9,D,0.263799315388941
1,9,E,0.2595638862564
1,9,F,0.2852090622693333
1,9,G,0.32448176587116695
1,9,J,0.29694864910496976
1,9,K,0.17368830666647128
1,10,A,0.18615638121839725
1,10,B,0.1829864338681791
1,10,C,0.252405968951646
1,10,D,0.2586802190643092
1,10,E,0.2551969362631806
1,10,F,0.28272406207313144
1,10,G,0.32716633958811947
1,10,J,0.2961701093778708
1,10,K,0.1694457954726963
1,11,A,0.18404248137147033
1,11,B,0.18354713872680292
1,11,C,0.2530808685361575
1,11,D,0.257790098632879
1,11,E,0.2546970254255735
1,11,F,0.28314854249899774
1,11,G,0.33187487860041315
1,11,J,0.3247716618046964
1,11,K,0.1589284363918664
1,12,A,0.18042643757360577
1,12,B,0.18086567114113572
1,12,C,0.25502436403421974
1,12,D,0.25788252342047496
1,12,E,0.25536065489223253
1,12,F,0.28247852913053717
1,12,G,0.3300840548798646
1,12,J,0.31179256596670596
1,12,K,0.15901679717741093
1,13,A,0.17645853789197385
1,13,B,0.17703921437129663
1,13,C,0.25526871509897775
1,13,D,0.26271321239612605
1,13,E,0.2572746475279423
1,13,F,0.28601717569994006
1,13,G,0.32820973222832095
1,13,J,0.2979001270241674
1,13,K,0.15957659609436672
1,14,A,0.16113100457450996
1,14,B,0.16397579246115201
1,14,C,0.23636981930557985
1,14,D,0.25772492528970775
1,14,E,0.248579180050469
1,14,F,0.2815401675232502
1,14,G,0.3204977842035481
1,14,J,0.2531805981974328
1,14,K,0.147211750012258
1,15,A,0.14691307161193082
1,15,B,0.1500531590732558
1,15,C,0.21449857568069972
1,15,D,0.2494937512674567
1,15,E,0.23357928504806935
1,15,F,0.26635573076161717
1,15,G,0.3076407241351047
1,15,J,0.20757274471858486
1,15,K,0.1331644945148351
1,16,A,0.14170678661310568
1,16,B,0.14292769115320902
1,16,C,0.20038225012091027
1,16,D,0.24094541795454497
1,16,E,0.22312609599781488
1,16,F,0.2474118419260045
1,16,G,0.29377233205122427
1,16,J,0.18764507578490547
1,16,K,0.12074242900273835
1,17,A,0.14027563228722098
1,17,B,0.14080323855236263
1,17,C,0.19250382062966817
1,17,D,0.23678048801852994
1,17,E,0.21646732328523385
1,17,F,0.23242561244356297
1,17,G,0.2864196906111426
1,17,J,0.1643162808652748
1,17,K,0.1144261634656609
1,18,A,0.12983293005755822
1,18,B,0.13189465525148536
1,18,C,0.18470066073293168
1,18,D,0.22608904378987463
1,18,E,0.20429183762219444
1,18,F,0.21443599967805177
1,18,G,0.27376489473121174
1,18,J,0.13658809959403667
1,18,K,0.10302826897491894
1,19,A,0.10789478090688329
1,19,B,0.11195542502260615
1,19,C,0.17177902911098705
1,19,D,0.2101005470388052
1,19,E,0.1886317471980315
1,19,F,0.19800738998054926
1,19,G,0.2624090303903237
1,19,J,0.11209721647159052
1,19,K,0.09452822885823996
1,20,A,0.10196613271672282
1,20,B,0.10284985178836081
1,20,C,0.17396716571422255
1,20,D,0.201797707607085
1,20,E,0.1882672274043052
1,20,F,0.20351336568141432
1,20,G,0.2660334846772095
1,20,J,0.10423440524352937
1,20,K,0.09102622276638797
1,21,A,0.11867726411636281
1,21,B,0.11185048199305622
1,21,C,0.19671731274012227
1,21,D,0.2098898758669483
1,21,E,0.2054091933722058
1,21,F,0.22852752153538122
1,21,G,0.2841040179644981
1,21,J,0.1426709679554715
1,21,K,0.10610004234073475
1,22,A,0.13772293087077686
1,22,B,0.12401875883859916
1,22,C,0.2226091959096758
1,22,D,0.2142223418644903
1,22,E,0.22240228896238595
1,22,F,0.24805482885920868
1,22,G,0.29691637670637
1,22,J,0.20540170773155
1,22,K,0.12055863758569478
1,23,A,0.14330813263211514
1,23,B,0.12934386704863335
1,23,C,0.23329937421359584
1,23,D,0.2108186669729439
1,23,E,0.22748412969306622
1,23,F,0.2542195407943476
1,23,G,0.29570599113426943
1,23,J,0.24207904526851423
1,23,K,0.12583671842864128
2,0,A,0.14204443178946938
2,0,B,0.14180020485191083
2,0,C,0.22870005388662307
2,0,D,0.218043867542094
2,0,E,0.22598914391358457
2,0,F,0.2446819019548762
2,0,G,0.2843007307395592
2,0,J,0.2463676969771127
2,0,K,0.14183844801262008
2,1,A,0.14167586152549108
2,1,B,0.13624819558846518
2,1,C,0.2234623874054249
2,1,D,0.22210393883060556
2,1,E,0.22730711338663911
2,1,F,0.24759598446453976
2,1,G,0.28709125075578135
2,1,J,0.2461369466158787
2,1,K,0.13834771093368498
2,2,A,0.14374366905073566
2,2,B,0.13839134209199408
2,2,C,0.22452203200428275
2,2,D,0.2413826631779629
2,2,E,0.23709363002949235
2,2,F,0.2543364143163848
2,2,G,0.29537595283081786
2,2,J,0.24499043724728603
2,2,K,0.13091100231094444
2,3,A,0.16816989671965835
2,3,B,0.1628189055962541
2,3,C,0.2439870067234567
2,3,D,0.2712619795800286
2,3,E,0.2586745999950797
2,3,F,0.2800006891126753
2,3,G,0.3147249870959311
2,3,J,0.25814809514646603
2,3,K,0.14982185550200974
2,4,A,0.18287815198423488
2,4,B,0.1842420685959048
2,4,C,0.25982085867590066
2,4,D,0.2895256861590544
2,4,E,0.2685916039765586
2,4,F,0.29482238472616595
2,4,G,0.32667370521520595
2,4,J,0.2781207783989303
2,4,K,0.16413534044483483
2,5,A,0.1880278029581758
2,5,B,0.18882843018276008
2,5,C,0.26229672674959426
2,5,D,0.2953859590864916
2,5,E,0.27155973444913223
2,5,F,0.2956485613033789
2,5,G,0.3297396713067334
2,5,J,0.28382759727077517
2,5,K,0.16883554185523061
2,6,A,0.1978470546169218
2,6,B,0.196492058060736
2,6,C,0.26286559596412934
2,6,D,0.29004538703185045
2,6,E,0.2730296088814845
2,6,F,0.29458211431326636
2,6,G,0.32986878723226903
2,6,J,0.2854407147679693
2,6,K,0.16995581946695817
2,7,A,0.202165026064942
2,7,B,0.20265223075674144
2,7,C,0.2641777626037636
2,7,D,0.2840794365135761
2,7,E,0.2739754726584625
2,7,F,0.2920302024528447
2,7,G,0.3317990662555822
2,7,J,0.28307089958647697
2,7,K,0.17322865876889768
2,8,A,0.20120337920114184
2,8,B,0.2004079217155618
2,8,C,0.26125274657314373
2,8,D,0.2775293479409594
2,8,E,0.26626425948734744
2,8,F,0.28543973077966794
2,8,G,0.32869470931543776
2,8,J,0.29173842226168484
2,8,K,0.16811259698308317
2,9,A,0.19880345299183547
2,9,B,0.19723589597303678
2,9,C,0.2581066560177992
2,9,D,0.26805143983188945
2,9,E,0.2601390731824594
2,9,F,0.2750598128699926
2,9,G,0.3270755811755156
2,9,J,0.2963975649371331
2,9,K,0.1649754811630757
2,10,A,0.19436917568142936
2,10,B,0.195252463386277
2,10,C,0.259555972746323
2,10,D,0.2582819926615262
2,10,E,0.25726435343249954
2,10,F,0.27343165766264793
2,10,G,0.3245061619219745
2,10,J,0.3014132560184254
2,10,K,0.16409436205978503
2,11,A,0.1874384267114787
2,11,B,0.197691503577974
2,11,C,0.26200713482711996
2,11,D,0.2506518933992747
2,11,E,0.2578620483034672
2,11,F,0.2744515339648392
2,11,G,0.3248502518301932
2,11,J,0.3070941557504319
2,11,K,0.1675151467638627
2,12,A,0.18198647645538557
2,12,B,0.19126334250784052
2,12,C,0.2622049379478392
2,12,D,0.24991357048790083
2,12,E,0.25958815053114404
2,12,F,0.2772974540013396
2,12,G,0.3268495966248952
2,12,J,0.30052017662102315
2,12,K,0.16032753777683242
2,13,A,0.1772654659551864
2,13,B,0.1864348534064498
2,13,C,0.25336063052468916
2,13,D,0.24337368921142882
2,13,E,0.2542021024196363
2,13,F,0.2729967823363658
2,13,G,0.3227443096748584
2,13,J,0.2755501970800943
2,13,K,0.15231762428083465
2,14,A,0.16630088308949592
2,14,B,0.17573186426481058
2,14,C,0.23361517279190044
2,14,D,0.24018585462031994
2,14,E,0.24040125437334264
2,14,F,0.25630824995164236
2,14,G,0.3076571084899712
2,14,J,0.2311414511428259
2,14,K,0.1337176546501075
2,15,A,0.15065313618794357
2,15,B,0.1629338273621995
2,15,C,0.21148890622199412
2,15,D,0.23345683100664055
2,15,E,0.22213805247664387
2,15,F,0.23758951041004933
2,15,G,0.2969522912276323
2,15,J,0.20189145068491846
2,15,K,0.12371900649488447
2,16,A,0.1422084368952719
2,16,B,0.15655076258587425
2,16,C,0.19755979130918938
2,16,D,0.22997120924301315
2,16,E,0.2135695450022168
2,16,F,0.22894199234245471
2,16,G,0.2918827843056756
2,16,J,0.16824510390329134
2,16,K,0.12055133236648169
2,17,A,0.13538267101226598
2,17,B,0.14827397581300744
2,17,C,0.18588607051369532
2,17,D,0.22044954098695865
2,17,E,0.2018418328121912
2,17,F,0.21789632533965278
2,17,G,0.2850748768168784
2,17,J,0.14494311694161544
2,17,K,0.1049238218094357
2,18,A,0.10353379205123214
2,18,B,0.11982283456765291
2,18,C,0.16494415087760658
2,18,D,0.19623297422848168
2,18,E,0.1735202641584941
2,18,F,0.19342232674574325
2,18,G,0.26496713093503577
2,18,J,0.11293081089649078
2,18,K,0.09016355238450717
2,19,A,0.07508685477230075
2,19,B,0.09506793535489054
2,19,C,0.1483405623032953
2,19,D,0.18222016647380798
2,19,E,0.1567624078515808
2,19,F,0.18760164840583107
2,19,G,0.25083469640152783
2,19,J,0.09248199419978331
2,19,K,0.08523065550763093
2,20,A,0.07124804621202319
2,20,B,0.08793486055615164
2,20,C,0.151577151825675
2,20,D,0.18247399232245315
2,20,E,0.16128344397231056
2,20,F,0.19659360135223702
2,20,G,0.2489219285507366
2,20,J,0.10475326922900433
2,20,K,0.08874670062448468
2,21,A,0.08832088748166687
2,21,B,0.09337661300050681
2,21,C,0.16585354502145874
2,21,D,0.19273819546571241
2,21,E,0.17956717789136092
2,21,F,0.21206812957196305
2,21,G,0.25887484255673143
2,21,J,0.1306984314809432
2,21,K,0.10230973225966547
2,22,A,0.11456517445436859
2,22,B,0.1161165699797191
2,22,C,0.19519383766363058
2,22,D,0.20649452573083832
2,22,E,0.20590962238302402
2,22,F,0.23124992719208456
2,22,G,0.27623965748228646
2,22,J,0.1735484872855952
2,22,K,0.12047328900002259
2,23,A,0.1363542208209273
2,23,B,0.13739907065937465
2,23,C,0.22169358331288871
2,23,D,0.21118315463276238
2,23,E,0.21972916314724683
2,23,F,0.24087573177840504
2,23,G,0.2835037198858582
2,23,J,0.22397814515055245
2,23,K,0.1356728071941933
3,0,A,0.15367498172291055
3,0,B,0.16731353517211747
3,0,C,0.23975583731423544
3,0,D,0.23897967887426036
3,0,E,0.22526068524528098
3,0,F,0.26689834814107394
3,0,G,0.29665855729926327
3,0,J,0.22237449047699756
3,0,K,0.1448157211934864
3,1,A,0.15165444574061526
3,1,B,0.16100918007356224
3,1,C,0.2358005519384297
3,1,D,0.2385891005845233
3,1,E,0.2212275866658981
3,1,F,0.26062464967330135
3,1,G,0.2938520543528615
3,1,J,0.22933442856285782
3,1,K,0.14858263286806356
3,2,A,0.15367344879274367
3,2,B,0.15544064961094695
3,2,C,0.23556740188773032
3,2,D,0.2501418080102578
3,2,E,0.22975644309616214
3,2,F,0.27065068852083213
3,2,G,0.30546886137088347
3,2,J,0.262740854381601
3,2,K,0.1424527971383462
3,3,A,0.18148643385817992
3,3,B,0.18068105678924973
3,3,C,0.25132850681255126
3,3,D,0.27405452919622736
3,3,E,0.2520745947422389
3,3,F,0.299690997574661
3,3,G,0.33077023572650105
3,3,J,0.2779946807276451
3,3,K,0.1496365764895177
3,4,A,0.20372687707456794
3,4,B,0.20592351170987755
3,4,C,0.2667040091066077
3,4,D,0.28948638692863865
3,4,E,0.26727103321744033
3,4,F,0.3152198020018065
3,4,G,0.3464768178793094
3,4,J,0.2950424857090265
3,4,K,0.17313855087897267
3,5,A,0.21456088169836204
3,5,B,0.21667599304957105
3,5,C,0.27255070127591907
3,5,D,0.2962559201724239
3,5,E,0.27291681063738826
3,5,F,0.31642161994580564
3,5,G,0.34980738791789456
3,5,J,0.30596598352045296
3,5,K,0.18326291424726032
3,6,A,0.21830686871998772
3,6,B,0.22200301732358527
3,6,C,0.2757014856638624
3,6,D,0.29613185633960754
3,6,E,0.2760980781201728
3,6,F,0.31504533114357464
3,6,G,0.34857462856230736
3,6,J,0.3084420892185153
3,6,K,0.18952451734769324
3,7,A,0.22325540864283
3,7,B,0.2229448360370656
3,7,C,0.27719468381360834
3,7,D,0.2942850950702683
3,7,E,0.2771058506717601
3,7,F,0.3130242326769814
3,7,G,0.3490880989879767
3,7,J,0.3019638440068116
3,7,K,0.19797329373933434
3,8,A,0.22009010088793993
3,8,B,0.22180209587629668
3,8,C,0.27503214731711517
3,8,D,0.28815860414491645
3,8,E,0.27052227332317996
3,8,F,0.3069005400427445
3,8,G,0.3421379371782858
3,8,J,0.3070665809417881
3,8,K,0.1937761902315711
3,9,A,0.2192569731553853
3,9,B,0.21795676950684476
3,9,C,0.2673795204813474
3,9,D,0.2767006136726336
3,9,E,0.2632705288920124
3,9,F,0.2992519093547432
3,9,G,0.3338602625111843
3,9,J,0.3034908504967328
3,9,K,0.1890346749473762
3,10,A,0.21758649854182213
3,10,B,0.21740116396826345
3,10,C,0.2626176207604044
3,10,D,0.2726064953274408
3,10,E,0.25981478386661305
3,10,F,0.2973913862663654
3,10,G,0.33312509420667147
3,10,J,0.28283363305311743
3,10,K,0.1882535159122739
3,11,A,0.22221176036051482
3,11,B,0.21992232951759808
3,11,C,0.25941325960145245
3,11,D,0.2705535329589126
3,11,E,0.25867518970423353
3,11,F,0.2968071002287521
3,11,G,0.3325584979588288
3,11,J,0.28211813646545664
3,11,K,0.18518908488969707
3,12,A,0.21965081619084428
3,12,B,0.22014202696096624
3,12,C,0.2586157780849782
3,12,D,0.26876833354443225
3,12,E,0.25459068471528135
3,12,F,0.28721082081691107
3,12,G,0.32682310183774393
3,12,J,0.2698625796099403
3,12,K,0.16512090793194248
3,13,A,0.20714544543683155
3,13,B,0.20909570007577302
3,13,C,0.2477240866061114
3,13,D,0.26387040823849844
3,13,E,0.2451997821534451
3,13,F,0.2747248795331614
3,13,G,0.3134466823577429
3,13,J,0.22695467679372003
3,13,K,0.14759939975446604
3,14,A,0.18410984008314252
3,14,B,0.19682473682076407
3,14,C,0.22857171923083344
3,14,D,0.2557073440754838
3,14,E,0.23351501201184321
3,14,F,0.2586101197007657
3,14,G,0.2974728921506821
3,14,J,0.20223901160984645
3,14,K,0.13911116795750164
3,15,A,0.16392860390707092
3,15,B,0.18375827750452225
3,15,C,0.21233802325908074
3,15,D,0.24384176252802794
3,15,E,0.22012049482800594
3,15,F,0.24200906116222043
3,15,G,0.2830935107010779
3,15,J,0.17501668252429795
3,15,K,0.12945305066120796
3,16,A,0.13900400409788524
3,16,B,0.15985583371777676
3,16,C,0.19102467585923952
3,16,D,0.2270764654467042
3,16,E,0.19981399655865606
3,16,F,0.2186825014885648
3,16,G,0.26248796315045364
3,16,J,0.13916375664529587
3,16,K,0.11442991453163004
3,17,A,0.10552798106463203
3,17,B,0.12687374412138086
3,17,C,0.16516311899914696
3,17,D,0.2048793699060666
3,17,E,0.17702110855979064
3,17,F,0.19806034142888315
3,17,G,0.243847511423766
3,17,J,0.11069622757266867
3,17,K,0.09897919270127599
3,18,A,0.08592005078611406
3,18,B,0.10596540803864361
3,18,C,0.14906087335553472
3,18,D,0.18719865158662144
3,18,E,0.1644913594199219
3,18,F,0.18775501783525478
3,18,G,0.2365884777565022
3,18,J,0.08040115448654268
3,18,K,0.09161592180600371
3,19,A,0.08353329528945709
3,19,B,0.099512777511503
3,19,C,0.14798734880372758
3,19,D,0.18622271578991337
3,19,E,0.16790337500397584
3,19,F,0.19395314527458787
3,19,G,0.24267916357361358
3,19,J,0.09310139198329088
3,19,K,0.0911642871803122
3,20,A,0.0909133496871518
3,20,B,0.1034677742475943
3,20,C,0.15430493806673307
3,20,D,0.19073679853459782
3,20,E,0.17444597614985294
3,20,F,0.20723172463560854
3,20,G,0.25001968712943595
3,20,J,0.10355145769798302
3,20,K,0.09275402795687293
3,21,A,0.105529673910113
3,21,B,0.11519848812851348
3,21,C,0.1705389063842909
3,21,D,0.20533422604947588
3,21,E,0.18637723650913032
3,21,F,0.22395151227203988
3,21,G,0.2618958831547964
3,21,J,0.12276437604930342
3,21,K,0.1015427833346957
3,22,A,0.12850518976242323
3,22,B,0.13897092699038
3,22,C,0.1991534263507896
3,22,D,0.22504056158659488
3,22,E,0.2078177740523698
3,22,F,0.2496904655831242
3,22,G,0.2813319512867418
3,22,J,0.15205549246164032
3,22,K,0.1154884947476703
3,23,A,0.15047330599047595
3,23,B,0.1642810392942832
3,23,C,0.23313450019951815
3,23,D,0.24330249836216672
3,23,E,0.22685464181711373
3,23,F,0.26954734614261905
3,23,G,0.30172503427705716
3,23,J,0.20555260688506263
3,23,K,0.14383746950445941
4,0,A,0.20643048442010492
4,0,B,0.19941052367769185
4,0,C,0.28517042532762055
4,0,D,0.274964801689036
4,0,E,0.27628046786412364
4,0,F,0.30519793365190007
4,0,G,0.3409202991635226
4,0,J,0.2602600140125385
4,0,K,0.1713451016160313
4,1,A,0.20425593918740326
4,1,B,0.19198170112174456
4,1,C,0.2850947387450287
4,1,D,0.275133510225957
4,1,E,0.26624821566109685
4,1,F,0.30707703034795564
4,1,G,0.33873768992267395
4,1,J,0.27764155773257476
4,1,K,0.17832690703159185
4,2,A,0.1823121069142031
4,2,B,0.17373413224423692
4,2,C,0.2667086064817918
4,2,D,0.2608323363808291
4,2,E,0.2525409803454358
4,2,F,0.29749179929821007
4,2,G,0.33040549022682597
4,2,J,0.27330579854502
4,2,K,0.1781078342571375
4,3,A,0.18649552482381357
4,3,B,0.18017219808630708
4,3,C,0.27182061901591253
4,3,D,0.2804639474586492
4,3,E,0.2704116705100322
4,3,F,0.31538492668813395
4,3,G,0.3433291698643255
4,3,J,0.29078497429173333
4,3,K,0.19162694244973208
4,4,A,0.20556973709580104
4,4,B,0.19783611621780922
4,4,C,0.2870050689005988
4,4,D,0.30384377186583644
4,4,E,0.28818171912791146
4,4,F,0.3374414097354075
4,4,G,0.35701792507100655
4,4,J,0.3070312869563506
4,4,K,0.20760770528772848
4,5,A,0.21932551988234522
4,5,B,0.2075051152742722
4,5,C,0.2886202464450508
4,5,D,0.3148768198441573
4,5,E,0.2963030531551481
4,5,F,0.3439659335158739
4,5,G,0.3602565545233166
4,5,J,0.30054127419876714
4,5,K,0.21577986881111122
4,6,A,0.2271793909488012
4,6,B,0.21261491077083947
4,6,C,0.2894890103756767
4,6,D,0.31541188212022503
4,6,E,0.29865624794001794
4,6,F,0.33783301336847943
4,6,G,0.36007845167479335
4,6,J,0.2924600116982534
4,6,K,0.22375757909308425
4,7,A,0.2331798309106832
4,7,B,0.21590508961140764
4,7,C,0.2909125067398557
4,7,D,0.31531213425816984
4,7,E,0.29784940625551076
4,7,F,0.3321707283118139
4,7,G,0.36145354904203075
4,7,J,0.3157395206568029
4,7,K,0.22790618072769586
4,8,A,0.22764522406963722
4,8,B,0.21546582520177365
4,8,C,0.2860052238435782
4,8,D,0.30410134237348924
4,8,E,0.29101591761982987
4,8,F,0.3235742063766511
4,8,G,0.3581203695534408
4,8,J,0.3076098291749961
4,8,K,0.22009310356915956
4,9,A,0.22563530786675187
4,9,B,0.21425403696319437
4,9,C,0.2763620171403545
4,9,D,0.2894149668643601
4,9,E,0.28416092803304815
4,9,F,0.31267121106521584
4,9,G,0.35075240120979184
4,9,J,0.30103365569744495
4,9,K,0.21245492465983473
4,10,A,0.2267296082053619
4,10,B,0.21641541179297757
4,10,C,0.2731306969587077
4,10,D,0.2816104113530549
4,10,E,0.2798286151125863
4,10,F,0.30532012686537957
4,10,G,0.3452560803484288
4,10,J,0.2920169342978759
4,10,K,0.20500215589073553
4,11,A,0.22311773592080086
4,11,B,0.21281717362705774
4,11,C,0.27065469726859814
4,11,D,0.27504796614849164
4,11,E,0.2731355639731545
4,11,F,0.298627599690127
4,11,G,0.33854781098306674
4,11,J,0.2774051511211124
4,11,K,0.1897580347666975
4,12,A,0.21290526413335584
4,12,B,0.20195952421626825
4,12,C,0.2519722631793236
4,12,D,0.2674371275557384
4,12,E,0.25855947199063056
4,12,F,0.2811109961164745
4,12,G,0.3166361251408254
4,12,J,0.2387309004474967
4,12,K,0.16606089212817363
4,13,A,0.1931504573831448
4,13,B,0.19218678314954246
4,13,C,0.23360335584722475
4,13,D,0.25515290020849063
4,13,E,0.24371075461232344
4,13,F,0.26499506393494354
4,13,G,0.292862959745168
4,13,J,0.19972613751557172
4,13,K,0.1547012611321831
4,14,A,0.17584707136820701
4,14,B,0.18202259451529343
4,14,C,0.21555390391249435
4,14,D,0.2470988756338632
4,14,E,0.22736582476855405
4,14,F,0.24791164375280844
4,14,G,0.2783197951703159
4,14,J,0.17494100508930513
4,14,K,0.14756796405466654
4,15,A,0.15626241169333763
4,15,B,0.16606757372263914
4,15,C,0.19020919056503277
4,15,D,0.2245445530835196
4,15,E,0.19950884376584946
4,15,F,0.215762122007241
4,15,G,0.2544787497033792
4,15,J,0.1413775514559766
4,15,K,0.11799955892755504
4,16,A,0.11383964689395559
4,16,B,0.12871629625822578
4,16,C,0.1523710285827196
4,16,D,0.1926004359077581
4,16,E,0.15953575340529624
4,16,F,0.18091477556317392
4,16,G,0.22814994500543573
4,16,J,0.10365901440567837
4,16,K,0.08847635084402845
4,17,A,0.08621724638167248
4,17,B,0.10594734422750536
4,17,C,0.1370433084529524
4,17,D,0.17947350438317458
4,17,E,0.14482514747884068
4,17,F,0.1723362308099372
4,17,G,0.21978644371133396
4,17,J,0.0785924426196857
4,17,K,0.08089997447285735
4,18,A,0.07984644514734299
4,18,B,0.10211479929746717
4,18,C,0.1396334207434004
4,18,D,0.1779682743641642
4,18,E,0.14992999369675697
4,18,F,0.17411658822773451
4,18,G,0.2222193306974822
4,18,J,0.07033449249586537
4,18,K,0.07505337375484292
4,19,A,0.09379785230540102
4,19,B,0.109827805434899
4,19,C,0.15069266708863938
4,19,D,0.18857720056611385
4,19,E,0.16355565717844595
4,19,F,0.18611462330759596
4,19,G,0.22847856565679936
4,19,J,0.08054748470747453
4,19,K,0.08600658901601767
4,20,A,0.1136307904649691
4,20,B,0.12228694082389334
4,20,C,0.1652670680049869
4,20,D,0.1951941606892779
4,20,E,0.17527824805245412
4,20,F,0.1980772174695466
4,20,G,0.23327434712816988
4,20,J,0.0947674210805549
4,20,K,0.09508015901387577
4,21,A,0.1283949357123799
4,21,B,0.1360343023014949
4,21,C,0.18207674112921296
4,21,D,0.20968689701355012
4,21,E,0.1893198607468614
4,21,F,0.21063772825079363
4,21,G,0.24704567224730695
4,21,J,0.12219276554910875
4,21,K,0.10641559764756209
4,22,A,0.1489939241105909
4,22,B,0.15521363072260766
4,22,C,0.2065367809262228
4,22,D,0.23013623457990692
4,22,E,0.21467738029681283
4,22,F,0.23786840031655085
4,22,G,0.27274800270271615
4,22,J,0.15419715067535025
4,22,K,0.1255497368241589
4,23,A,0.17992799432096418
4,23,B,0.17826163250611618
4,23,C,0.25048525919705544
4,23,D,0.25751773601756767
4,23,E,0.2545689362234873
4,23,F,0.28238268412445117
4,23,G,0.3160294067131019
4,23,J,0.20427102984066198
4,23,K,0.1483993015887438
5,0,A,0.23101604606684417
5,0,B,0.22500509830079113
5,0,C,0.30492393651334804
5,0,D,0.30113754781411994
5,0,E,0.3050370613445286
5,0,F,0.3179628037324603
5,0,G,0.34919760366089164
5,0,J,0.23505093711334954
5,0,K,0.17218226914541657
5,1,A,0.2353601962213732
5,1,B,0.23305670766287362
5,1,C,0.3136636176118384
5,1,D,0.2949199968034847
5,1,E,0.3053923562656647
5,1,F,0.3208166270051441
5,1,G,0.3514900256655035
5,1,J,0.2655368983690313
5,1,K,0.18572420067204923
5,2,A,0.20776847824711162
5,2,B,0.21239425066002615
5,2,C,0.2922666565510565
5,2,D,0.2646360041310166
5,2,E,0.27623374042225557
5,2,F,0.3060971603673526
5,2,G,0.3399268714372778
5,2,J,0.27244631457413565
5,2,K,0.19503360947870826
5,3,A,0.20178820953875817
5,3,B,0.19598564019355366
5,3,C,0.27971677703549763
5,3,D,0.2687886207460161
5,3,E,0.2690604188160923
5,3,F,0.32287091576980853
5,3,G,0.34953330611644984
5,3,J,0.2837743394430027
5,3,K,0.20679126587658533
5,4,A,0.2405863205105631
5,4,B,0.22246407656012182
5,4,C,0.3014362320618779
5,4,D,0.30177188429329993
5,4,E,0.29758898947106655
5,4,F,0.3544564768753543
5,4,G,0.37632751218274346
5,4,J,0.28969467935256854
5,4,K,0.22168112404638424
5,5,A,0.2633020788210957
5,5,B,0.23416961435403255
5,5,C,0.30935151060967614
5,5,D,0.3177912615969439
5,5,E,0.3056433846645832
5,5,F,0.36368494601572876
5,5,G,0.38065613726248726
5,5,J,0.2973215057370354
5,5,K,0.2192111213050519
5,6,A,0.2713617234480108
5,6,B,0.24371196336725748
5,6,C,0.31416533421636517
5,6,D,0.32106031597792895
5,6,E,0.30804347580748737
5,6,F,0.35904088070789325
5,6,G,0.38088567964128994
5,6,J,0.3136055871080364
5,6,K,0.22175898432273175
5,7,A,0.27431316061013816
5,7,B,0.2557281994643392
5,7,C,0.31877244624364687
5,7,D,0.31196472046921403
5,7,E,0.31360632860309484
5,7,F,0.3560478605608038
5,7,G,0.3751109519310086
5,7,J,0.31251126339348567
5,7,K,0.23325257665881213
5,8,A,0.27946038881042107
5,8,B,0.2604125963978255
5,8,C,0.32147200633073436
5,8,D,0.3116764367076922
5,8,E,0.3171177164927668
5,8,F,0.35027878296053533
5,8,G,0.37076192440235334
5,8,J,0.32762762095966214
5,8,K,0.2303656982473318
5,9,A,0.28428869687895014
5,9,B,0.2629136675876686
5,9,C,0.318392040563791
5,9,D,0.31840653300009203
5,9,E,0.3189441085424416
5,9,F,0.34472185311840425
5,9,G,0.3633154911007885
5,9,J,0.3213294330922392
5,9,K,0.21532012909408976
5,10,A,0.28190561562783756
5,10,B,0.26611588526955615
5,10,C,0.3165365690665529
5,10,D,0.3160278019264027
5,10,E,0.31685505493832083
5,10,F,0.3398264462558286
5,10,G,0.3604039611515018
5,10,J,0.31454707548219224
5,10,K,0.2078033808303212
5,11,A,0.2756777297477013
5,11,B,0.2612763108581898
5,11,C,0.3085601413723738
5,11,D,0.30784620280612157
5,11,E,0.3096843830952769
5,11,F,0.3299416632491023
5,11,G,0.34870629077341125
5,11,J,0.29279485673959543
5,11,K,0.19255978101219692
5,12,A,0.2528976416474138
5,12,B,0.24660059383600272
5,12,C,0.2810276812695312
5,12,D,0.29408933136238713
5,12,E,0.2879393194106424
5,12,F,0.3040171159106017
5,12,G,0.3250980217973349
5,12,J,0.24850850811689756
5,12,K,0.17019965058990785
5,13,A,0.22589969855317907
5,13,B,0.22847481653646667
5,13,C,0.2514463581651983
5,13,D,0.2800323240354033
5,13,E,0.26222475793601396
5,13,F,0.2779168007972749
5,13,G,0.30136239719823926
5,13,J,0.2261456011079
5,13,K,0.1650080473480614
5,14,A,0.19736524164322428
5,14,B,0.20441264784386343
5,14,C,0.22337120733699956
5,14,D,0.2511598689310834
5,14,E,0.23008147711125382
5,14,F,0.24021697311569848
5,14,G,0.27618193706466093
5,14,J,0.18971724677343785
5,14,K,0.1440800859395075
5,15,A,0.13422422609657614
5,15,B,0.15053684437276535
5,15,C,0.15960171209481608
5,15,D,0.19405099848766955
5,15,E,0.1626265048132972
5,15,F,0.17792715933774275
5,15,G,0.22910719416626638
5,15,J,0.12604159557586064
5,15,K,0.10033049580319153
5,16,A,0.0616340418896319
5,16,B,0.0852992192192729
5,16,C,0.10627746777072229
5,16,D,0.15647055266382112
5,16,E,0.11836324375446768
5,16,F,0.13893724285723466
5,16,G,0.20143101588527818
5,16,J,0.06370395657948996
5,16,K,0.07277298517758864
5,17,A,0.04727286975121153
5,17,B,0.07180429515841953
5,17,C,0.10148028581700248
5,17,D,0.15041366082293736
5,17,E,0.11383072194133786
5,17,F,0.13698137319249776
5,17,G,0.19276080572212775
5,17,J,0.03380146728591358
5,17,K,0.05257560972405779
5,18,A,0.04728914639446964
5,18,B,0.07499609590046068
5,18,C,0.10996159134016707
5,18,D,0.15673227749116186
5,18,E,0.12200675285190822
5,18,F,0.147126187313553
5,18,G,0.19938262574237545
5,18,J,0.01360743763796683
5,18,K,0.048660568008705975
5,19,A,0.07062079568681057
5,19,B,0.09583626484797865
5,19,C,0.12531488157644832
5,19,D,0.16622234325016988
5,19,E,0.13975549127594258
5,19,F,0.1618812504477454
5,19,G,0.21193393392371535
5,19,J,0.031402593169390945
5,19,K,0.059067149179350666
5,20,A,0.09178468548781202
5,20,B,0.11811318446703037
5,20,C,0.14109680396727337
5,20,D,0.1737371837699909
5,20,E,0.1597355205181989
5,20,F,0.17797314269145004
5,20,G,0.22545090232443554
5,20,J,0.04459153038070332
5,20,K,0.06607831050580781
5,21,A,0.11470240196429181
5,21,B,0.1379885482259412
5,21,C,0.1644341270784419
5,21,D,0.1904989199301478
5,21,E,0.18069017682810268
5,21,F,0.19978614254635693
5,21,G,0.24252632206517372
5,21,J,0.0833145222669025
5,21,K,0.07782041903434887
5,22,A,0.14508120110615277
5,22,B,0.16096584284476584
5,22,C,0.19610815898501655
5,22,D,0.21953282244279723
5,22,E,0.21117691338517355
5,22,F,0.2290950196542825
5,22,G,0.2666459740091912
5,22,J,0.12914251934846943
5,22,K,0.10736778916652508
5,23,A,0.19180671685028816
5,23,B,0.19703374608833968
5,23,C,0.2519455686837174
5,23,D,0.26121122349428477
5,23,E,0.26060284857073124
5,23,F,0.27367483727552927
5,23,G,0.3080214391276584
5,23,J,0.1823153369354452
5,23,K,0.14484516422765745
6,0,A,0.2545329085019979
6,0,B,0.257495113089905
6,0,C,0.3151948795999259
6,0,D,0.29180210746754587
6,0,E,0.31410075463827913
6,0,F,0.31682045118741076
6,0,G,0.3563824995484297
6,0,J,0.21141590079366032
6,0,K,0.16528736052863507
6,1,A,0.27077652611553055
6,1,B,0.27182040268596463
6,1,C,0.3382807652370091
6,1,D,0.30276016833810154
6,1,E,0.3245873699166991
6,1,F,0.3307450529148608
6,1,G,0.3719756868704768
6,1,J,0.2563701520911279
6,1,K,0.17713095862517828
6,2,A,0.25041581806506635
6,2,B,0.24870437265052472
6,2,C,0.32727178604356594
6,2,D,0.2722513110575553
6,2,E,0.29985807371243234
6,2,F,0.3134723030775124
6,2,G,0.3498051817406737
6,2,J,0.27231490433507705
6,2,K,0.1791999088732587
6,3,A,0.23345699526507951
6,3,B,0.2224623929723232
6,3,C,0.3083496970861983
6,3,D,0.2607584466594009
6,3,E,0.2809171213959023
6,3,F,0.3141548314239285
6,3,G,0.35057913037464766
6,3,J,0.2913816882761045
6,3,K,0.1967935520534347
6,4,A,0.26932629566892985
6,4,B,0.24236063099447566
6,4,C,0.3318992039019744
6,4,D,0.2978499734408472
6,4,E,0.3127062421303147
6,4,F,0.3504475554303375
6,4,G,0.3771921584563448
6,4,J,0.30583541371832923
6,4,K,0.22570920637113254
6,5,A,0.29632628565413616
6,5,B,0.2619464070189193
6,5,C,0.34086955327594515
6,5,D,0.3139952832472878
6,5,E,0.3227200903485374
6,5,F,0.3686829204067464
6,5,G,0.38309347606972033
6,5,J,0.30644195579708167
6,5,K,0.2385785700468107
6,6,A,0.2983574888514005
6,6,B,0.27354257250267033
6,6,C,0.3439003910633196
6,6,D,0.3174847117256388
6,6,E,0.31973793918895577
6,6,F,0.366958862137709
6,6,G,0.38173168084681947
6,6,J,0.3184409245530555
6,6,K,0.2499281667085713
6,7,A,0.28996488099888085
6,7,B,0.28099946166636963
6,7,C,0.3444823926174025
6,7,D,0.32435873606952564
6,7,E,0.32272024658563897
6,7,F,0.36231191856562467
6,7,G,0.38099634920983555
6,7,J,0.32506880413582434
6,7,K,0.25543485000222343
6,8,A,0.2927054861015989
6,8,B,0.2830315090809283
6,8,C,0.33536416315971285
6,8,D,0.3249306136277549
6,8,E,0.32286866133433234
6,8,F,0.35943179170099165
6,8,G,0.37474318386767325
6,8,J,0.33411396495155743
6,8,K,0.257131214897819
6,9,A,0.2891020035144116
6,9,B,0.28073943150031355
6,9,C,0.33306535481391414
6,9,D,0.3263108803996726
6,9,E,0.321729684348698
6,9,F,0.3512846870750684
6,9,G,0.37076749250371605
6,9,J,0.3207415267185529
6,9,K,0.25582749882400435
6,10,A,0.2889937768545665
6,10,B,0.27809125766006454
6,10,C,0.3292596059326258
6,10,D,0.3204202297341449
6,10,E,0.31911381008272616
6,10,F,0.339463547869977
6,10,G,0.3659574582348547
6,10,J,0.3163606210708108
6,10,K,0.24733514200599113
6,11,A,0.2794923546683119
6,11,B,0.2735348824629945
6,11,C,0.3212091579296457
6,11,D,0.31502287528707956
6,11,E,0.31149768870311845
6,11,F,0.3291448022511339
6,11,G,0.3475226811910047
6,11,J,0.28646277640439
6,11,K,0.2205104167257611
6,12,A,0.26771756307150557
6,12,B,0.2637419991594937
6,12,C,0.2940338590331287
6,12,D,0.29704430410203525
6,12,E,0.2838418388814061
6,12,F,0.3032497482116333
6,12,G,0.32079325696304356
6,12,J,0.2515352857374986
6,12,K,0.1925600932869637
6,13,A,0.2437526983049981
6,13,B,0.2587295352286826
6,13,C,0.2658306272124219
6,13,D,0.2844295561661877
6,13,E,0.2562307971294541
6,13,F,0.2692828252295737
6,13,G,0.2942633141235009
6,13,J,0.21468221761837844
6,13,K,0.17803046830509903
6,14,A,0.20325053470421164
6,14,B,0.2190056380322121
6,14,C,0.2255625120808114
6,14,D,0.24194991189654805
6,14,E,0.2121039300046793
6,14,F,0.2230473095568943
6,14,G,0.2588242906448894
6,14,J,0.16203140412984568
6,14,K,0.1469241551653809
6,15,A,0.12752463464764247
6,15,B,0.14278062145782053
6,15,C,0.14484201071556665
6,15,D,0.1799766769068243
6,15,E,0.13539618942721307
6,15,F,0.14836685102295888
6,15,G,0.19732223415123326
6,15,J,0.0651090547403792
6,15,K,0.08179699243386346
6,16,A,0.06800960058970676
6,16,B,0.08985973559102943
6,16,C,0.09704499442637789
6,16,D,0.15440234711853826
6,16,E,0.10186120676044445
6,16,F,0.1202470448933039
6,16,G,0.17654575958621152
6,16,J,0.02026424882942482
6,16,K,0.038546274943149564
6,17,A,0.06051443830265538
6,17,B,0.07991344478820786
6,17,C,0.09684510259890806
6,17,D,0.15451351369863722
6,17,E,0.10247823816046973
6,17,F,0.13096739832378118
6,17,G,0.18496804628031838
6,17,J,0.010005901252376685
6,17,K,0.014610629723383929
6,18,A,0.06481375990129441
6,18,B,0.08554429831440036
6,18,C,0.1119608363587716
6,18,D,0.15914937262296158
6,18,E,0.11097842249824029
6,18,F,0.1472493308383899
6,18,G,0.19200120401573734
6,18,J,0.010005901252376685
6,18,K,0.010972399737290122
6,19,A,0.08804671758528045
6,19,B,0.11246368236772714
6,19,C,0.13614241378161135
6,19,D,0.17717694358426336
6,19,E,0.13380624497092722
6,19,F,0.1606088656674467
6,19,G,0.20842759102043706
6,19,J,0.029212612262265014
6,19,K,0.033791349384973524
6,20,A,0.11324970637584622
6,20,B,0.1306688577020733
6,20,C,0.15700102888821035
6,20,D,0.19355651361437673
6,20,E,0.15824665676772345
6,20,F,0.17850141712326661
6,20,G,0.22346909598222928
6,20,J,0.05441352548139883
6,20,K,0.04748047308515268
6,21,A,0.1361442331112369
6,21,B,0.1496327801942069
6,21,C,0.17982458894690928
6,21,D,0.20576617030694755
6,21,E,0.18491364564224327
6,21,F,0.20139919831055486
6,21,G,0.24646238938938517
6,21,J,0.08315785109062027
6,21,K,0.06784750726550738
6,22,A,0.16298735826167043
6,22,B,0.17553493112464968
6,22,C,0.20736264602016075
6,22,D,0.2259592119391607
6,22,E,0.2174460625673391
6,22,F,0.23670677871005913
6,22,G,0.2769996961656979
6,22,J,0.11840742055691257
6,22,K,0.10001119581936874
6,23,A,0.20423469609354303
6,23,B,0.21387784536835258
6,23,C,0.25458509525594986
6,23,D,0.25407495361203913
6,23,E,0.2631148258436729
6,23,F,0.28222426775011233
6,23,G,0.32004969322495125
6,23,J,0.16872912843499296
6,23,K,0.13740575269072552
7,0,A,0.267507050011164
7,0,B,0.26870417827975446
7,0,C,0.3472914637211282
7,0,D,0.32628452967617533
7,0,E,0.3504137784285556
7,0,F,0.3397906030569766
7,0,G,0.3756411356513593
7,0,J,0.2163306434263628
7,0,K,0.16949608030647284
7,1,A,0.28009620002164687
7,1,B,0.27883573198086253
7,1,C,0.3687405695534968
7,1,D,0.30687822416583244
7,1,E,0.3535466279275901
7,1,F,0.3497287994302082
7,1,G,0.37965136291507756
7,1,J,0.24568128564954925
7,1,K,0.19310004004365208
7,2,A,0.2514482409354959
7,2,B,0.2443504863428614
7,2,C,0.3471501198452453
7,2,D,0.2734547876573078
7,2,E,0.3250741484332409
7,2,F,0.317954968350818
7,2,G,0.3566304783951973
7,2,J,0.24795598933539845
7,2,K,0.20008160289142335
7,3,A,0.22783739839642708
7,3,B,0.21275105443412048
7,3,C,0.3234092446062695
7,3,D,0.26414678930754504
7,3,E,0.3068361851008336
7,3,F,0.3207106194253267
7,3,G,0.3619911402404541
7,3,J,0.28088393887932994
7,3,K,0.20809643326573118
7,4,A,0.27013777872826505
7,4,B,0.23095493587634547
7,4,C,0.3444270156681192
7,4,D,0.30146313722072354
7,4,E,0.3300172783190539
7,4,F,0.3487176728080873
7,4,G,0.3794973805732816
7,4,J,0.2954390443351911
7,4,K,0.24081951272422794
7,5,A,0.2873064968480352
7,5,B,0.2525656006357633
7,5,C,0.3480951194294143
7,5,D,0.3188141880303713
7,5,E,0.33435457276809577
7,5,F,0.3619389857869369
7,5,G,0.3793579909906996
7,5,J,0.28971215569404224
7,5,K,0.25802295180626456
7,6,A,0.2896714200383337
7,6,B,0.2604402732506755
7,6,C,0.3448178530993862
7,6,D,0.3249210114334947
7,6,E,0.3353619519099395
7,6,F,0.3635505698371422
7,6,G,0.3761438768937636
7,6,J,0.30559961746709574
7,6,K,0.26088008911237714
7,7,A,0.29791084309453997
7,7,B,0.26925730202864717
7,7,C,0.3359247120400165
7,7,D,0.3305062479870503
7,7,E,0.33241788852324994
7,7,F,0.36164988798544273
7,7,G,0.37532053448927116
7,7,J,0.2988520404287006
7,7,K,0.2598305504012931
7,8,A,0.30095671765634513
7,8,B,0.2856721399940138
7,8,C,0.33507031631487566
7,8,D,0.3358848268860372
7,8,E,0.3313499220965742
7,8,F,0.3564437678211418
7,8,G,0.37533058934884
7,8,J,0.2949827109738207
7,8,K,0.26405488012608386
7,9,A,0.3021119131452624
7,9,B,0.2910735123501905
7,9,C,0.3387365531356071
7,9,D,0.33508142817085124
7,9,E,0.328121228695099
7,9,F,0.34963298511277935
7,9,G,0.37264357411134696
7,9,J,0.3101065070691349
7,9,K,0.2516445955568559
7,10,A,0.30512445441981856
7,10,B,0.29490036582253604
7,10,C,0.34639169857105073
7,10,D,0.3286274643989209
7,10,E,0.32550906511126376
7,10,F,0.342884695757295
7,10,G,0.3684099240687418
7,10,J,0.30957954502300145
7,10,K,0.2452832665447855
7,11,A,0.3026293161726537
7,11,B,0.3053466812048635
7,11,C,0.3492815088424068
7,11,D,0.31761962300675844
7,11,E,0.3283060954373855
7,11,F,0.3338510455193805
7,11,G,0.3651455840052831
7,11,J,0.2976717665202731
7,11,K,0.22124844569102237
7,12,A,0.2887216341512059
7,12,B,0.2960801733630447
7,12,C,0.32933637130900495
7,12,D,0.3091644928854176
7,12,E,0.3111492942954904
7,12,F,0.3153033779835692
7,12,G,0.3420548241989941
7,12,J,0.24956465002339165
7,12,K,0.1953346867584559
7,13,A,0.26744629362051275
7,13,B,0.27930304644164744
7,13,C,0.29265501719733494
7,13,D,0.28840019981835807
7,13,E,0.2793654429004555
7,13,F,0.28088920265460793
7,13,G,0.30928673690224084
7,13,J,0.2093546363988929
7,13,K,0.18008544389865422
7,14,A,0.23090009097298744
7,14,B,0.2520851948731576
7,14,C,0.2488822093867044
7,14,D,0.25128382447436304
7,14,E,0.2340591314617132
7,14,F,0.23647562847926412
7,14,G,0.27321327715559174
7,14,J,0.15637740907631378
7,14,K,0.1443891989723045
7,15,A,0.14684128919173425
7,15,B,0.16767062483012796
7,15,C,0.1638517792734545
7,15,D,0.18393985821480766
7,15,E,0.14747402681057764
7,15,F,0.15318030734978455
7,15,G,0.20704509015062927
7,15,J,0.06932878654669654
7,15,K,0.0736593388155644
7,16,A,0.06291791725456072
7,16,B,0.09562319751297302
7,16,C,0.09747074120125865
7,16,D,0.1453158868893329
7,16,E,0.09262226291604655
7,16,F,0.10780642388322216
7,16,G,0.1671825236051384
7,16,J,0.010005901252376685
7,16,K,0.04134084837961421
7,17,A,0.04464195114988177
7,17,B,0.07238732099285027
7,17,C,0.09035277076426118
7,17,D,0.14554417139577347
7,17,E,0.0914691571279529
7,17,F,0.11355972467559251
7,17,G,0.16653448517048014
7,17,J,0.010005901252376685
7,17,K,0.014396919643845754
7,18,A,0.04207612793605421
7,18,B,0.06761897353020814
7,18,C,0.09891627442955868
7,18,D,0.1552931165826989
7,18,E,0.10395330797433697
7,18,F,0.13169134799054483
7,18,G,0.18042526593934077
7,18,J,0.010005901252376685
7,18,K,0.0104387425031481
7,19,A,0.0690091719929121
7,19,B,0.09174722816903572
7,19,C,0.12514289222474553
7,19,D,0.1738195841217506
7,19,E,0.13080710012838087
7,19,F,0.15283827370892586
7,19,G,0.20075532866999446
7,19,J,0.010005901252376685
7,19,K,0.024908316125306543
7,20,A,0.0940305493474025
7,20,B,0.12206255069778421
7,20,C,0.14847992274919444
7,20,D,0.18905042569616357
7,20,E,0.15942554791847063
7,20,F,0.1763572472724899
7,20,G,0.2219279788007048
7,20,J,0.02093310130921458
7,20,K,0.03973288881587988
7,21,A,0.11288686813562504
7,21,B,0.14506121715572448
7,21,C,0.17136647698735716
7,21,D,0.20913975544795707
7,21,E,0.1910352522199271
7,21,F,0.20280430113785525
7,21,G,0.24699438478345725
7,21,J,0.05582618460006489
7,21,K,0.06454188275087641
7,22,A,0.14449076007886968
7,22,B,0.16664861812288892
7,22,C,0.20231663460192686
7,22,D,0.23703149971142215
7,22,E,0.22899526992733926
7,22,F,0.2349506802246505
7,22,G,0.2813763737001562
7,22,J,0.10310801693818755
7,22,K,0.09510127852328128
7,23,A,0.2024508263651056
7,23,B,0.218051645782018
7,23,C,0.2591056791752269
7,23,D,0.27893390434212634
7,23,E,0.28413185459381674
7,23,F,0.28958912839234635
7,23,G,0.3277636243602997
7,23,J,0.15503897089492283
7,23,K,0.1316587961860917
8,0,A,0.24772045179340402
8,0,B,0.2489766153751069
8,0,C,0.3126170521943946
8,0,D,0.3292909422373538
8,0,E,0.32930772840415146
8,0,F,0.3263338855395188
8,0,G,0.3487162754497476
8,0,J,0.2094208342428211
8,0,K,0.17790465023318716
8,1,A,0.2524661809441448
8,1,B,0.2476477732490383
8,1,C,0.32720071968387704
8,1,D,0.30225005240646774
8,1,E,0.32586334131785316
8,1,F,0.3189962597145622
8,1,G,0.3457208267521891
8,1,J,0.23625350191721645
8,1,K,0.17582545562839735
8,2,A,0.22938566240542324
8,2,B,0.21900079772412992
8,2,C,0.3118506577024355
8,2,D,0.2638471847236096
8,2,E,0.2987180711439848
8,2,F,0.29960857882031766
8,2,G,0.32290586521127396
8,2,J,0.259549323591832
8,2,K,0.1780542396101842
8,3,A,0.24587139460077714
8,3,B,0.22692887093361166
8,3,C,0.32353460638034254
8,3,D,0.2799292359673098
8,3,E,0.31316061359731867
8,3,F,0.3293741040172347
8,3,G,0.3522385693554015
8,3,J,0.29434960410010763
8,3,K,0.19671881083869394
8,4,A,0.28039447624514285
8,4,B,0.2556910822261489
8,4,C,0.3461038075680914
8,4,D,0.29837343199120714
8,4,E,0.336393273867844
8,4,F,0.3536598573430583
8,4,G,0.37389229162057014
8,4,J,0.31917766666822545
8,4,K,0.21967513597830216
8,5,A,0.2885463989572423
8,5,B,0.25950723216941096
8,5,C,0.34248242885409846
8,5,D,0.30923973539583766
8,5,E,0.33608507652711506
8,5,F,0.3576279540321665
8,5,G,0.3707337857575677
8,5,J,0.346259595735245
8,5,K,0.2329511133346107
8,6,A,0.2878088199200737
8,6,B,0.2638058489806209
8,6,C,0.33557825420094306
8,6,D,0.3161048150725238
8,6,E,0.33305721488843093
8,6,F,0.35339180566510187
8,6,G,0.36369648870611176
8,6,J,0.33815280912631607
8,6,K,0.23713261514516873
8,7,A,0.2919953327262749
8,7,B,0.2708484589914924
8,7,C,0.3286090974279337
8,7,D,0.32508350900196725
8,7,E,0.33158595530106594
8,7,F,0.34814498649127623
8,7,G,0.3602150151230203
8,7,J,0.33855742462798477
8,7,K,0.23462233775240882
8,8,A,0.2902703228952063
8,8,B,0.27101822271259385
8,8,C,0.3253395593963693
8,8,D,0.3246972165561146
8,8,E,0.3270574692021792
8,8,F,0.3398273957287036
8,8,G,0.35314004374825236
8,8,J,0.331285208040917
8,8,K,0.23025752612588277
8,9,A,0.2911047852285681
8,9,B,0.2732060158770747
8,9,C,0.3209468916642017
8,9,D,0.32147508374500944
8,9,E,0.320001349820501
8,9,F,0.33715661785732637
8,9,G,0.3583084007240099
8,9,J,0.3373279838268998
8,9,K,0.2230595553449444
8,10,A,0.2919298614165322
8,10,B,0.2814645954059246
8,10,C,0.3213308144262438
8,10,D,0.3198102210852116
8,10,E,0.3157769982284492
8,10,F,0.33136316631598645
8,10,G,0.3544621726297206
8,10,J,0.33312814835835686
8,10,K,0.2177311188018612
8,11,A,0.29228023987733426
8,11,B,0.2843900023473234
8,11,C,0.32251490116261927
8,11,D,0.3188465422479529
8,11,E,0.3102655945631477
8,11,F,0.32341095361983085
8,11,G,0.35026093122355706
8,11,J,0.30686255777210814
8,11,K,0.20452406706339485
8,12,A,0.2899535893736449
8,12,B,0.28886513899309635
8,12,C,0.32037412487349476
8,12,D,0.3182098796857398
8,12,E,0.30335054204145434
8,12,F,0.31173554937989273
8,12,G,0.33382798589130863
8,12,J,0.2627992180782377
8,12,K,0.1735385001708215
8,13,A,0.2703197080238309
8,13,B,0.26566756059017266
8,13,C,0.2849289177227426
8,13,D,0.29737375138991423
8,13,E,0.2722126008016294
8,13,F,0.2780873644142538
8,13,G,0.29816162380574396
8,13,J,0.21211663235075853
8,13,K,0.15367146171434734
8,14,A,0.2427993630396192
8,14,B,0.24612845980790693
8,14,C,0.24905448772977093
8,14,D,0.272616101142704
8,14,E,0.24517972777334074
8,14,F,0.2451208030956572
8,14,G,0.2698728086284812
8,14,J,0.17769881258243136
8,14,K,0.14004062261748265
8,15,A,0.19365235430417743
8,15,B,0.2020658831246481
8,15,C,0.1975530766031145
8,15,D,0.22274608441834728
8,15,E,0.18735176212922655
8,15,F,0.18905865231374355
8,15,G,0.2338830557401993
8,15,J,0.10888870596339764
8,15,K,0.09078733390703114
8,16,A,0.10220342026081831
8,16,B,0.12561041767897174
8,16,C,0.12849042745924003
8,16,D,0.16480468584739316
8,16,E,0.117174821165398
8,16,F,0.12131216233262353
8,16,G,0.18330422905249014
8,16,J,0.04431239364759775
8,16,K,0.05507655149241532
8,17,A,0.05506923619849918
8,17,B,0.0831292319551566
8,17,C,0.10443803416919796
8,17,D,0.1428439181084092
8,17,E,0.10047330432584635
8,17,F,0.11591080774630137
8,17,G,0.17206018834031558
8,17,J,0.010005901252376685
8,17,K,0.04517361339919591
8,18,A,0.040726650459838296
8,18,B,0.06606245958820128
8,18,C,0.1034415440243579
8,18,D,0.14707695089311912
8,18,E,0.10420492815054785
8,18,F,0.12923476794921535
8,18,G,0.17997150983375035
8,18,J,0.010005901252376685
8,18,K,0.04147844265889053
8,19,A,0.05488773074352704
8,19,B,0.08694186623151179
8,19,C,0.1183145420925781
8,19,D,0.16511164171567497
8,19,E,0.12552329162234416
8,19,F,0.1501024463268753
8,19,G,0.19738786359373903
8,19,J,0.010005901252376685
8,19,K,0.05251342692877926
8,20,A,0.07790936403091059
8,20,B,0.10881563876705286
8,20,C,0.1351413051599685
8,20,D,0.18420820772225194
8,20,E,0.14762449057700308
8,20,F,0.16873148494626614
8,20,G,0.21032267027563067
8,20,J,0.010005901252376685
8,20,K,0.05551255445558187
8,21,A,0.10233134395730857
8,21,B,0.124813221337701
8,21,C,0.15446924528973818
8,21,D,0.206551048607705
8,21,E,0.173966271665378
8,21,F,0.19468960085887102
8,21,G,0.23205285368454068
8,21,J,0.032311635404062136
8,21,K,0.07035326950788348
8,22,A,0.13858972780383905
8,22,B,0.15698689529961285
8,22,C,0.19152614153873518
8,22,D,0.24657112283105256
8,22,E,0.2144603376687407
8,22,F,0.23243100990430154
8,22,G,0.2660391405987047
8,22,J,0.07895903886744399
8,22,K,0.09661142192689337
8,23,A,0.20049456853109637
8,23,B,0.21155321839433092
8,23,C,0.2616023130429809
8,23,D,0.30702820746819437
8,23,E,0.28317814854556156
8,23,F,0.2927940400604011
8,23,G,0.3245716608553357
8,23,J,0.13913801892733085
8,23,K,0.14219004143346095
9,0,A,0.23167214437816339
9,0,B,0.23775996452528056
9,0,C,0.30864894729363407
9,0,D,0.3006719479040764
9,0,E,0.3031774684113849
9,0,F,0.319186480146767
9,0,G,0.33922143141777183
9,0,J,0.22548164205937005
9,0,K,0.1496601055803913
9,1,A,0.21883356833706905
9,1,B,0.215265994759662
9,1,C,0.29782658193173195
9,1,D,0.27587184084267086
9,1,E,0.28598228888264615
9,1,F,0.30811102189490897
9,1,G,0.3314962747965295
9,1,J,0.24408951865019343
9,1,K,0.1486492884528964
9,2,A,0.20991409036188818
9,2,B,0.20494435661170435
9,2,C,0.2979734053172215
9,2,D,0.281937091350135
9,2,E,0.28867596788120314
9,2,F,0.3297095542880742
9,2,G,0.3411762858740712
9,2,J,0.264167620366795
9,2,K,0.15705882247390857
9,3,A,0.24237760230374825
9,3,B,0.23545742002992742
9,3,C,0.3318865020735992
9,3,D,0.3071274215917645
9,3,E,0.3214233445255362
9,3,F,0.3685874430892414
9,3,G,0.3745005463219189
9,3,J,0.3000423090421048
9,3,K,0.19064312603153621
9,4,A,0.2584179602247225
9,4,B,0.25390031267317303
9,4,C,0.34393606567935386
9,4,D,0.31388056367593464
9,4,E,0.3288669977802602
9,4,F,0.37145011805558664
9,4,G,0.3899358506735512
9,4,J,0.286241085291125
9,4,K,0.20849330050284134
9,5,A,0.2680805185395501
9,5,B,0.2589614882913274
9,5,C,0.34107221465775217
9,5,D,0.3159926108824689
9,5,E,0.3287596734063383
9,5,F,0.36828406987844187
9,5,G,0.3941343505781935
9,5,J,0.34170505183015576
9,5,K,0.22032654631222542
9,6,A,0.2790930882349164
9,6,B,0.2624594719476737
9,6,C,0.3329466822748492
9,6,D,0.3233188486377408
9,6,E,0.32957531593477
9,6,F,0.36339847281199944
9,6,G,0.39442101982514954
9,6,J,0.3427868775132168
9,6,K,0.22419723717260234
9,7,A,0.287965412147082
9,7,B,0.25800067712646985
9,7,C,0.3291961929861151
9,7,D,0.3286984912413442
9,7,E,0.3293088181055935
9,7,F,0.3636814152013098
9,7,G,0.38902141394804596
9,7,J,0.3469512154206874
9,7,K,0.219468222943491
9,8,A,0.2886354982761015
9,8,B,0.25940223748117675
9,8,C,0.32278340809275696
9,8,D,0.3239841769337565
9,8,E,0.3223052567195287
9,8,F,0.3560290402520438
9,8,G,0.38188473453690397
9,8,J,0.3406157275120484
9,8,K,0.2224253905310869
9,9,A,0.28958839866501684
9,9,B,0.26178524607874387
9,9,C,0.31652931472090967
9,9,D,0.3157495463981553
9,9,E,0.3147893815623556
9,9,F,0.3471619149762435
9,9,G,0.37763470841478525
9,9,J,0.33448659863614394
9,9,K,0.21606528709872103
9,10,A,0.29372248643433974
9,10,B,0.2665374277489947
9,10,C,0.316518176491187
9,10,D,0.314856895019394
9,10,E,0.31158416326817145
9,10,F,0.3389484773476509
9,10,G,0.373251212294482
9,10,J,0.3277851930253
9,10,K,0.2129950411877894
9,11,A,0.29410489268373813
9,11,B,0.2705851006874117
9,11,C,0.3209581926186526
9,11,D,0.31044789239148396
9,11,E,0.30731722505124204
9,11,F,0.3301177051127703
9,11,G,0.3664756443165315
9,11,J,0.3375200265699254
9,11,K,0.21106865417029316
9,12,A,0.288895184127583
9,12,B,0.2752411621236671
9,12,C,0.31806586145667914
9,12,D,0.30388165837290876
9,12,E,0.3003033875043162
9,12,F,0.3205688470267608
9,12,G,0.3560809337440386
9,12,J,0.32196347424294125
9,12,K,0.19522581554733823
9,13,A,0.27187436232003603
9,13,B,0.2682591460441585
9,13,C,0.29420749801869506
9,13,D,0.28712258892881315
9,13,E,0.279718033171353
9,13,F,0.29291054694131136
9,13,G,0.32424599187608855
9,13,J,0.289561443673399
9,13,K,0.17760625387051954
9,14,A,0.2430998618757203
9,14,B,0.25355683722032724
9,14,C,0.2674142017431759
9,14,D,0.2707615709236255
9,14,E,0.25543561065697223
9,14,F,0.26386527567468515
9,14,G,0.29201277056636515
9,14,J,0.23509015501704317
9,14,K,0.17101908426372903
9,15,A,0.22009732209108374
9,15,B,0.23467921331727867
9,15,C,0.23955283165134514
9,15,D,0.25226229507779263
9,15,E,0.23010702753275988
9,15,F,0.23568342156023173
9,15,G,0.26649587911532996
9,15,J,0.1879079333805976
9,15,K,0.1466603128000126
9,16,A,0.16284563080775039
9,16,B,0.17564399004378536
9,16,C,0.18492295202998868
9,16,D,0.20750353289164117
9,16,E,0.17621001195103944
9,16,F,0.17728622706204847
9,16,G,0.22554411040334812
9,16,J,0.11553209181256004
9,16,K,0.10355238111472692
9,17,A,0.0913775115492501
9,17,B,0.1168990310374611
9,17,C,0.13822190667880108
9,17,D,0.16788093914194335
9,17,E,0.13296258986158938
9,17,F,0.14549813749158674
9,17,G,0.20430147722367098
9,17,J,0.07055763865120696
9,17,K,0.08063451072515276
9,18,A,0.0679202465595024
9,18,B,0.09438106200242503
9,18,C,0.13565273376006423
9,18,D,0.15940160280033788
9,18,E,0.13384833056575268
9,18,F,0.14939649984136155
9,18,G,0.20470923234833882
9,18,J,0.047839510447842855
9,18,K,0.06374824327112347
9,19,A,0.08072691110194284
9,19,B,0.10342291917290031
9,19,C,0.1502050410792708
9,19,D,0.16893075553661843
9,19,E,0.1528423052809773
9,19,F,0.16503082193253804
9,19,G,0.21411965488309873
9,19,J,0.04307751022373231
9,19,K,0.0724155335247232
9,20,A,0.0966934365896928
9,20,B,0.12104720025643231
9,20,C,0.16009416141597974
9,20,D,0.18825665282381715
9,20,E,0.1723960376300157
9,20,F,0.1865464667442188
9,20,G,0.22440324089879435
9,20,J,0.05908658660588803
9,20,K,0.07961321101146697
9,21,A,0.12045025766088967
9,21,B,0.14463058757175207
9,21,C,0.18391327833877835
9,21,D,0.21286498016585215
9,21,E,0.19881167638091815
9,21,F,0.2150335983197736
9,21,G,0.2516376551319804
9,21,J,0.0779017325695775
9,21,K,0.09380665463295511
9,22,A,0.16506402243966353
9,22,B,0.18566439480725766
9,22,C,0.23150573455148515
9,22,D,0.26303170958305666
9,22,E,0.24909542173434954
9,22,F,0.2664862072076665
9,22,G,0.300144130985635
9,22,J,0.11356684204633254
9,22,K,0.11760573058229616
9,23,A,0.2167576998323893
9,23,B,0.234711346221284
9,23,C,0.29194306176174406
9,23,D,0.30897486575356714
9,23,E,0.2996562514418363
9,23,F,0.3115132896110331
9,23,G,0.33846526878017863
9,23,J,0.17735398463542668
9,23,K,0.14666745374847415
10,0,A,0.20078108359401883
10,0,B,0.1788876910033267
10,0,C,0.26290751370102144
10,0,D,0.2540431498524432
10,0,E,0.258928405527368
10,0,F,0.2861769798769086
10,0,G,0.328967093006013
10,0,J,0.2637275982086718
10,0,K,0.13823703557905928
10,1,A,0.19140703850510543
10,1,B,0.17525043984746666
10,1,C,0.2613945743701148
10,1,D,0.25921039609620306
10,1,E,0.2594149518145884
10,1,F,0.2873099981150565
10,1,G,0.32305428500167915
10,1,J,0.27510012845544907
10,1,K,0.14069335477740666
10,2,A,0.2138287266617765
10,2,B,0.19782712565224225
10,2,C,0.2848109179851501
10,2,D,0.28153534351618575
10,2,E,0.2828850380332418
10,2,F,0.3134427059863065
10,2,G,0.34691377093883374
10,2,J,0.2781650125254743
10,2,K,0.16668665890978393
10,3,A,0.24123355539293453
10,3,B,0.223711898125873
10,3,C,0.3024150200318603
10,3,D,0.29876506503257094
10,3,E,0.29678909169226786
10,3,F,0.3345422590356979
10,3,G,0.36139138759594586
10,3,J,0.2967724532190082
10,3,K,0.18058450821982877
10,4,A,0.2548284760123588
10,4,B,0.23744708084446217
10,4,C,0.3087278303098377
10,4,D,0.30078945861885
10,4,E,0.3004547816193959
10,4,F,0.3399578316211198
10,4,G,0.3673939197659021
10,4,J,0.31945596948074984
10,4,K,0.18732600469966446
10,5,A,0.2567368668456483
10,5,B,0.24033455613616778
10,5,C,0.3145225271246478
10,5,D,0.3028264269238119
10,5,E,0.3020665283725851
10,5,F,0.3422846802694653
10,5,G,0.3702759609746909
10,5,J,0.3339509451235516
10,5,K,0.19848401657086773
10,6,A,0.2589889136243648
10,6,B,0.24224599916718584
10,6,C,0.3205339819723753
10,6,D,0.29977327079811905
10,6,E,0.3064899798753713
10,6,F,0.34132466694759955
10,6,G,0.37461753588072183
10,6,J,0.34128894967517104
10,6,K,0.20496900257360956
10,7,A,0.2603348623502251
10,7,B,0.24129028403167602
10,7,C,0.3199864053058035
10,7,D,0.3030705458122183
10,7,E,0.30715653381027436
10,7,F,0.3425339367722753
10,7,G,0.3788536077041728
10,7,J,0.34680961771786406
10,7,K,0.20579503964826906
10,8,A,0.2589871795838886
10,8,B,0.24123408941995939
10,8,C,0.3174765269907948
10,8,D,0.3031019580892147
10,8,E,0.3014688300831592
10,8,F,0.33167440423972533
10,8,G,0.36994464754128603
10,8,J,0.3201437391422658
10,8,K,0.20400134635757747
10,9,A,0.25735208815946337
10,9,B,0.24223396668443553
10,9,C,0.31166923258126644
10,9,D,0.29790149329817034
10,9,E,0.2973287045245044
10,9,F,0.3255745626240586
10,9,G,0.358530395200168
10,9,J,0.30912703838696826
10,9,K,0.2029566659482497
10,10,A,0.2533143248018354
10,10,B,0.23871530561678567
10,10,C,0.30774730286263324
10,10,D,0.29611828259967166
10,10,E,0.2953557827877027
10,10,F,0.32383635845996156
10,10,G,0.3546045259422345
10,10,J,0.3097054009407798
10,10,K,0.20337970650026718
10,11,A,0.25449153172866584
10,11,B,0.23438752801231105
10,11,C,0.3067929031921234
10,11,D,0.2942841183285354
10,11,E,0.29476814303090787
10,11,F,0.32268422320161744
10,11,G,0.35562724451525096
10,11,J,0.30248738647623236
10,11,K,0.20104446304542783
10,12,A,0.25081354042680726
10,12,B,0.23557433476542056
10,12,C,0.3031461833539049
10,12,D,0.2877791420397671
10,12,E,0.2882133279353838
10,12,F,0.31643119182862656
10,12,G,0.3480105633567057
10,12,J,0.2876401067612887
10,12,K,0.18476479517107952
10,13,A,0.23912886660364943
10,13,B,0.22815145185649355
10,13,C,0.28799653968070865
10,13,D,0.2811647960139251
10,13,E,0.27403321028242683
10,13,F,0.298568931869772
10,13,G,0.32950941696490804
10,13,J,0.26182660692020504
10,13,K,0.16784337502882388
10,14,A,0.2130750650881804
10,14,B,0.21488092608725898
10,14,C,0.26073435192743316
10,14,D,0.26648302740521196
10,14,E,0.25214302691204776
10,14,F,0.26838286823539187
10,14,G,0.3047314430299906
10,14,J,0.23099006126277735
10,14,K,0.15138789144073297
10,15,A,0.19590464234649607
10,15,B,0.20497193488665014
10,15,C,0.23881977442748287
10,15,D,0.2528324834035009
10,15,E,0.23437128023137221
10,15,F,0.24507865115588978
10,15,G,0.28908833794025096
10,15,J,0.19653236657602952
10,15,K,0.14137894059622796
10,16,A,0.1762571789932654
10,16,B,0.19066746645587015
10,16,C,0.21873650245606796
10,16,D,0.2323356730254942
10,16,E,0.21316842024739702
10,16,F,0.22120642805450036
10,16,G,0.2669249758032316
10,16,J,0.14340295305938885
10,16,K,0.11697661306909954
10,17,A,0.1256471218013438
10,17,B,0.1462076069786508
10,17,C,0.17836341078672083
10,17,D,0.19779961352393105
10,17,E,0.17120114034636386
10,17,F,0.18078280059700233
10,17,G,0.23412635947427618
10,17,J,0.09261770011049814
10,17,K,0.08806012895560325
10,18,A,0.09292075902782206
10,18,B,0.11598682203007499
10,18,C,0.159060143882012
10,18,D,0.18175255359424902
10,18,E,0.15359184498998119
10,18,F,0.17101837764382619
10,18,G,0.22464046177536012
10,18,J,0.07842641648319838
10,18,K,0.08074497923863648
10,19,A,0.09508957807786045
10,19,B,0.11212896103783708
10,19,C,0.16742925504426334
10,19,D,0.1907612967239948
10,19,E,0.16734574749113362
10,19,F,0.18311212644513525
10,19,G,0.23640323471443844
10,19,J,0.09101528165992384
10,19,K,0.09315617136772439
10,20,A,0.11331144806433908
10,20,B,0.11838787976590603
10,20,C,0.18192123332895668
10,20,D,0.20509416755895357
10,20,E,0.18654485872305046
10,20,F,0.2009570567181646
10,20,G,0.2488293910401008
10,20,J,0.10806244576784202
10,20,K,0.10226652872448155
10,21,A,0.14268354273856348
10,21,B,0.13703497099775888
10,21,C,0.20940313500234561
10,21,D,0.22822627077357274
10,21,E,0.2190422669423828
10,21,F,0.2370719530286366
10,21,G,0.27808261490731007
10,21,J,0.13931553158569282
10,21,K,0.12267700894714
10,22,A,0.1867978798155886
10,22,B,0.1653358586579957
10,22,C,0.24994294144267437
10,22,D,0.25924884929792846
10,22,E,0.2571133173893491
10,22,F,0.2798185115857694
10,22,G,0.3233123148145764
10,22,J,0.19706222971337653
10,22,K,0.14042945623902947
10,23,A,0.20771313919933812
10,23,B,0.1816096284023697
10,23,C,0.2662404605594221
10,23,D,0.25915378177684917
10,23,E,0.26537452990195237
10,23,F,0.2931428961994529
10,23,G,0.3354841050445662
10,23,J,0.24160271829997398
10,23,K,0.14239418651293453
11,0,A,0.16170092527088625
11,0,B,0.1382356809684974
11,0,C,0.23080580409514756
11,0,D,0.23568228129237262
11,0,E,0.22665642279451187
11,0,F,0.2595892550559295
11,0,G,0.29455387436567826
11,0,J,0.23718125138752585
11,0,K,0.11999159454659442
11,1,A,0.160276745747506
11,1,B,0.13292382499432268
11,1,C,0.22512547845127398
11,1,D,0.24862024796496407
11,1,E,0.23057571932383436
11,1,F,0.2671286648249945
11,1,G,0.29548385842159786
11,1,J,0.25444433263048744
11,1,K,0.1231895884024221
11,2,A,0.18076107006700268
11,2,B,0.15875017240767025
11,2,C,0.24052925716272008
11,2,D,0.2709655830958289
11,2,E,0.2543292622373259
11,2,F,0.2890668022598513
11,2,G,0.3145124457048959
11,2,J,0.27093293506447647
11,2,K,0.13767841479115317
11,3,A,0.2069211682637407
11,3,B,0.19017291259746744
11,3,C,0.2672902495323541
11,3,D,0.290920365925586
11,3,E,0.27167780491722093
11,3,F,0.3100008359551738
11,3,G,0.3336362490348111
11,3,J,0.2929460893813894
11,3,K,0.15437590338126964
11,4,A,0.22166115579374998
11,4,B,0.20308807489849498
11,4,C,0.2795678415670014
11,4,D,0.2993657647962468
11,4,E,0.28090078034655785
11,4,F,0.31486987161549845
11,4,G,0.33964900360789535
11,4,J,0.31382157080247736
11,4,K,0.17001788767778922
11,5,A,0.2318430228012595
11,5,B,0.21024012515679819
11,5,C,0.28443034541646595
11,5,D,0.29645977819667974
11,5,E,0.28467387137584144
11,5,F,0.3161266602430829
11,5,G,0.3419630616202963
11,5,J,0.3179849261832652
11,5,K,0.18413520148633028
11,6,A,0.238402449100421
11,6,B,0.2168352719137502
11,6,C,0.2888504151620491
11,6,D,0.29536557611587555
11,6,E,0.28830018165236737
11,6,F,0.3164421952264442
11,6,G,0.34314569141205153
11,6,J,0.31692920156661925
11,6,K,0.19182639506153223
11,7,A,0.2412428950941798
11,7,B,0.2214534784173463
11,7,C,0.2942564358463865
11,7,D,0.2989060426451548
11,7,E,0.2924201453526201
11,7,F,0.3190673141167578
11,7,G,0.3469061020592285
11,7,J,0.31900921578099956
11,7,K,0.19999135527380524
11,8,A,0.23864087692680452
11,8,B,0.2200465359998616
11,8,C,0.2990240303571525
11,8,D,0.2942711405214545
11,8,E,0.29250350011780357
11,8,F,0.31383094179130705
11,8,G,0.34685757181777777
11,8,J,0.30636748663620694
11,8,K,0.18996551625253097
11,9,A,0.23154210201899703
11,9,B,0.2167275439200325
11,9,C,0.2983682430099116
11,9,D,0.29048425143199413
11,9,E,0.2909661826370509
11,9,F,0.30915037978830906
11,9,G,0.3463616940610847
11,9,J,0.3015740665768546
11,9,K,0.19034214602428587
11,10,A,0.23181540464299533
11,10,B,0.21224555872403458
11,10,C,0.2965137997188381
11,10,D,0.28602435039596946
11,10,E,0.2921172471832596
11,10,F,0.3074265490032378
11,10,G,0.3447195986271557
11,10,J,0.29656133736965856
11,10,K,0.18787049852059737
11,11,A,0.2387019197489949
11,11,B,0.2178137457820349
11,11,C,0.29287811773953293
11,11,D,0.2845353004302037
11,11,E,0.29519437516987157
11,11,F,0.3113645481942586
11,11,G,0.3480913840252094
11,11,J,0.30049104668262727
11,11,K,0.17909130849350227
11,12,A,0.24055405616232617
11,12,B,0.224470158869673
11,12,C,0.29511035045687256
11,12,D,0.2834974588158189
11,12,E,0.29687519342140883
11,12,F,0.31179372345829576
11,12,G,0.34953875604230644
11,12,J,0.3116358499019289
11,12,K,0.17997029526572855
11,13,A,0.2336602433508436
11,13,B,0.220362449262818
11,13,C,0.2872974271086223
11,13,D,0.2809360190957014
11,13,E,0.28913379455935007
11,13,F,0.3043453103112839
11,13,G,0.3400659797280415
11,13,J,0.2935567546603754
11,13,K,0.172240346651524
11,14,A,0.20925670069941849
11,14,B,0.19830751148647446
11,14,C,0.26007521328194044
11,14,D,0.2775158996702434
11,14,E,0.2716609874414373
11,14,F,0.28548260907770284
11,14,G,0.3194187659014793
11,14,J,0.24698411827979586
11,14,K,0.1523762898126926
11,15,A,0.18676911696431533
11,15,B,0.1831052597725514
11,15,C,0.23360603105159494
11,15,D,0.2727566192539245
11,15,E,0.2549926509130466
11,15,F,0.26408392303167516
11,15,G,0.304837150092225
11,15,J,0.2146342655367451
11,15,K,0.14640205021987554
11,16,A,0.17315572237014568
11,16,B,0.17371038913529704
11,16,C,0.21608518296263138
11,16,D,0.26639004720806814
11,16,E,0.24183602336179683
11,16,F,0.25149656177479357
11,16,G,0.29770036278838463
11,16,J,0.18801991225389492
11,16,K,0.1456904184275749
11,17,A,0.16273785659769008
11,17,B,0.16301399690269378
11,17,C,0.20441967251052306
11,17,D,0.2564980372161086
11,17,E,0.22943620602474657
11,17,F,0.23462830627801987
11,17,G,0.2896177333284883
11,17,J,0.16823974671628433
11,17,K,0.13721039044166672
11,18,A,0.14762601019735702
11,18,B,0.14565225282167338
11,18,C,0.19050427284626997
11,18,D,0.23716798822669588
11,18,E,0.209214253429256
11,18,F,0.21273776655618315
11,18,G,0.26802871290016517
11,18,J,0.14216847134967406
11,18,K,0.12193864222655526
11,19,A,0.12069995996150143
11,19,B,0.11628517559758442
11,19,C,0.17122440274698542
11,19,D,0.22386861502976452
11,19,E,0.19126539036581552
11,19,F,0.19591061235331717
11,19,G,0.2502001244485006
11,19,J,0.12063130567836053
11,19,K,0.11540733837938504
11,20,A,0.11518732623592154
11,20,B,0.10687845494467622
11,20,C,0.1737207107173503
11,20,D,0.22070538439712148
11,20,E,0.19158016547200965
11,20,F,0.20542239047344305
11,20,G,0.25432729634292045
11,20,J,0.12345525219010584
11,20,K,0.11059040515780365
11,21,A,0.13883831746747455
11,21,B,0.12054419556327477
11,21,C,0.203201962330043
11,21,D,0.23043833635246
11,21,E,0.2144496982935963
11,21,F,0.23669561026642494
11,21,G,0.28052099007591047
11,21,J,0.16900432806793492
11,21,K,0.12186091858128338
11,22,A,0.16251223910592047
11,22,B,0.13501018739893936
11,22,C,0.2290491289981158
11,22,D,0.23403910320311955
11,22,E,0.229121892449408
11,22,F,0.2557599490069095
11,22,G,0.29525216087010686
11,22,J,0.21986018802432755
11,22,K,0.12366737598564141
11,23,A,0.16722847162647145
11,23,B,0.13955503465559432
11,23,C,0.2321285147753374
11,23,D,0.22905968016584902
11,23,E,0.22510128820754086
11,23,F,0.25701454131458285
11,23,G,0.29149196783478953
11,23,J,0.23655923419103358
11,23,K,0.12154291604283336
12,0,A,0.13510744532485264
12,0,B,0.12411182973112152
12,0,C,0.22293223921499292
12,0,D,0.2252585975735587
12,0,E,0.22580293716060806
12,0,F,0.25602437128410177
12,0,G,0.2925446006988388
12,0,J,0.2451215069579446
12,0,K,0.12340266898381144
12,1,A,0.13815699667326042
12,1,B,0.12773584892786724
12,1,C,0.22183058978806203
12,1,D,0.24615295829834233
12,1,E,0.2405333532200576
12,1,F,0.26634831761511707
12,1,G,0.30088418202560613
12,1,J,0.25305381444886443
12,1,K,0.12729560228084474
12,2,A,0.1561389381152722
12,2,B,0.14993262954929854
12,2,C,0.23768215813199123
12,2,D,0.2667347109832762
12,2,E,0.26017961928376215
12,2,F,0.28476964338645755
12,2,G,0.3141849455176708
12,2,J,0.26486042281289723
12,2,K,0.1408357145328521
12,3,A,0.172684096079267
12,3,B,0.16349755766870364
12,3,C,0.24936504677897747
12,3,D,0.27552900126565905
12,3,E,0.26716661704044087
12,3,F,0.2960737022694644
12,3,G,0.3227378351838185
12,3,J,0.2783597202877112
12,3,K,0.15667282854411047
12,4,A,0.1799338528901778
12,4,B,0.1719992211022871
12,4,C,0.2557071598592862
12,4,D,0.27896498538004083
12,4,E,0.26626175495131243
12,4,F,0.297461969184477
12,4,G,0.3275041662197252
12,4,J,0.2860177464768728
12,4,K,0.15812313495498892
12,5,A,0.185665720010916
12,5,B,0.17248803530922285
12,5,C,0.25750856309660924
12,5,D,0.27841313567424203
12,5,E,0.26322448285975886
12,5,F,0.29247256517982684
12,5,G,0.32608547167907675
12,5,J,0.2759145170689528
12,5,K,0.16799072896508183
12,6,A,0.18888110052915708
12,6,B,0.170308145125119
12,6,C,0.2569408619854747
12,6,D,0.2761236564651679
12,6,E,0.26256580692900394
12,6,F,0.2869786851939339
12,6,G,0.3273498897888051
12,6,J,0.2754027015041652
12,6,K,0.17325776941737753
12,7,A,0.19305120825052613
12,7,B,0.17189641343775422
12,7,C,0.25336411664793596
12,7,D,0.27238041738983726
12,7,E,0.26049553915890844
12,7,F,0.2845538388807135
12,7,G,0.3317065343090734
12,7,J,0.2793920351750376
12,7,K,0.16703402229854494
12,8,A,0.1938952791428556
12,8,B,0.17345762424476796
12,8,C,0.2463874183377479
12,8,D,0.265896272611181
12,8,E,0.2538662959986478
12,8,F,0.2796990613284086
12,8,G,0.3295835275474469
12,8,J,0.28412400914704844
12,8,K,0.15993965783477204
12,9,A,0.19244294785844346
12,9,B,0.17224587045805387
12,9,C,0.24288951524409955
12,9,D,0.2607877004272629
12,9,E,0.25050328811146527
12,9,F,0.2782327883470496
12,9,G,0.3268486073191528
12,9,J,0.28239098220878167
12,9,K,0.15611639981759204
12,10,A,0.19012884748405345
12,10,B,0.16945543509300498
12,10,C,0.24229686832255226
12,10,D,0.26254273646305926
12,10,E,0.2509515167453537
12,10,F,0.2805131508731883
12,10,G,0.3248293208217842
12,10,J,0.2801877108360849
12,10,K,0.15999323717144803
12,11,A,0.19029651355484367
12,11,B,0.1681285974304757
12,11,C,0.24517985116364058
12,11,D,0.26962570752141973
12,11,E,0.2549589374670446
12,11,F,0.28671913341693395
12,11,G,0.3294180991243171
12,11,J,0.28132229764255245
12,11,K,0.15837957717139578
12,12,A,0.191967314938883
12,12,B,0.17124779260074327
12,12,C,0.24767721467554865
12,12,D,0.26907173066677026
12,12,E,0.2578401491351032
12,12,F,0.2893517354844899
12,12,G,0.3324127892057315
12,12,J,0.2829141206781904
12,12,K,0.16121699885725754
12,13,A,0.19119880968470018
12,13,B,0.17734417228502056
12,13,C,0.2477350464289295
12,13,D,0.26767562426841635
12,13,E,0.2588676879708805
12,13,F,0.28925694340586733
12,13,G,0.3289929259480041
12,13,J,0.2754925885439335
12,13,K,0.15834435633883942
12,14,A,0.17687795584719881
12,14,B,0.171448210391735
12,14,C,0.23503078934572055
12,14,D,0.2643393217072851
12,14,E,0.2482185396042197
12,14,F,0.27766347191393426
12,14,G,0.31584612700951825
12,14,J,0.24876411802503623
12,14,K,0.14536909669816786
12,15,A,0.16337555861023878
12,15,B,0.15776183840061528
12,15,C,0.21644194065738817
12,15,D,0.25547023403634406
12,15,E,0.2353752225597522
12,15,F,0.2632824152139462
12,15,G,0.3015226733153598
12,15,J,0.22220270855809496
12,15,K,0.13476031032373098
12,16,A,0.1553776008731212
12,16,B,0.15750015467584236
12,16,C,0.2049766384664184
12,16,D,0.2475868741368218
12,16,E,0.2273371916444708
12,16,F,0.24875505616785873
12,16,G,0.2913366182801921
12,16,J,0.19052427453565948
12,16,K,0.12836543260328198
12,17,A,0.15179950906389983
12,17,B,0.15684866112865714
12,17,C,0.20484114897693315
12,17,D,0.24249039141584428
12,17,E,0.22319780736500963
12,17,F,0.24166274590064113
12,17,G,0.28648629892067345
12,17,J,0.16847263570527868
12,17,K,0.12587182204107178
12,18,A,0.14467427632640545
12,18,B,0.1522070400218816
12,18,C,0.20432499472510726
12,18,D,0.24367692694860246
12,18,E,0.2190062303934121
12,18,F,0.23448608437068744
12,18,G,0.2860429531827418
12,18,J,0.14319703145727422
12,18,K,0.11421814326450226
12,19,A,0.129076726770259
12,19,B,0.13569424256621643
12,19,C,0.19819188500460627
12,19,D,0.24208709275445703
12,19,E,0.21302607135038545
12,19,F,0.22528152745064803
12,19,G,0.27976768142316094
12,19,J,0.12901626500740548
12,19,K,0.1062232159175526
12,20,A,0.1248846310034589
12,20,B,0.12386756181324923
12,20,C,0.19830193789084852
12,20,D,0.2372644125637034
12,20,E,0.21081977027257398
12,20,F,0.22744577041469502
12,20,G,0.28061098289738895
12,20,J,0.13458226732598239
12,20,K,0.10474510338853021
12,21,A,0.13596516559146993
12,21,B,0.1252158596878968
12,21,C,0.2135529380411968
12,21,D,0.23797079724358058
12,21,E,0.2204270730184204
12,21,F,0.2435016027695876
12,21,G,0.29495110500849675
12,21,J,0.17303141366046199
12,21,K,0.10667127661208455
12,22,A,0.14447472544380757
12,22,B,0.12670213428506194
12,22,C,0.22584986074230368
12,22,D,0.22844308473256433
12,22,E,0.2244987974822872
12,22,F,0.25237907644748964
12,22,G,0.2986238492456935
12,22,J,0.21963775884887507
12,22,K,0.11288930636978613
12,23,A,0.142297224428589
12,23,B,0.12384610088505502
12,23,C,0.225862426521631
12,23,D,0.2226089651689297
12,23,E,0.22456852140974556
12,23,F,0.252556666745823
12,23,G,0.29395749166038776
12,23,J,0.23863589951589093
12,23,K,0.11755910557927342
